[
{
    "fields": {
        "model": "paypalipn",
        "app_label": "ipn"
    },
    "model": "contenttypes.contenttype",
    "pk": 1
},
{
    "fields": {
        "model": "category",
        "app_label": "news"
    },
    "model": "contenttypes.contenttype",
    "pk": 2
},
{
    "fields": {
        "model": "news",
        "app_label": "news"
    },
    "model": "contenttypes.contenttype",
    "pk": 3
},
{
    "fields": {
        "model": "blog",
        "app_label": "news"
    },
    "model": "contenttypes.contenttype",
    "pk": 4
},
{
    "fields": {
        "model": "press",
        "app_label": "news"
    },
    "model": "contenttypes.contenttype",
    "pk": 5
},
{
    "fields": {
        "model": "programcategory",
        "app_label": "program"
    },
    "model": "contenttypes.contenttype",
    "pk": 6
},
{
    "fields": {
        "model": "program",
        "app_label": "program"
    },
    "model": "contenttypes.contenttype",
    "pk": 7
},
{
    "fields": {
        "model": "gallery",
        "app_label": "gallery"
    },
    "model": "contenttypes.contenttype",
    "pk": 8
},
{
    "fields": {
        "model": "video",
        "app_label": "gallery"
    },
    "model": "contenttypes.contenttype",
    "pk": 9
},
{
    "fields": {
        "model": "country",
        "app_label": "maps"
    },
    "model": "contenttypes.contenttype",
    "pk": 10
},
{
    "fields": {
        "model": "state",
        "app_label": "maps"
    },
    "model": "contenttypes.contenttype",
    "pk": 11
},
{
    "fields": {
        "model": "city",
        "app_label": "maps"
    },
    "model": "contenttypes.contenttype",
    "pk": 12
},
{
    "fields": {
        "model": "career",
        "app_label": "career"
    },
    "model": "contenttypes.contenttype",
    "pk": 13
},
{
    "fields": {
        "model": "logentry",
        "app_label": "admin"
    },
    "model": "contenttypes.contenttype",
    "pk": 14
},
{
    "fields": {
        "model": "permission",
        "app_label": "auth"
    },
    "model": "contenttypes.contenttype",
    "pk": 15
},
{
    "fields": {
        "model": "group",
        "app_label": "auth"
    },
    "model": "contenttypes.contenttype",
    "pk": 16
},
{
    "fields": {
        "model": "user",
        "app_label": "auth"
    },
    "model": "contenttypes.contenttype",
    "pk": 17
},
{
    "fields": {
        "model": "contenttype",
        "app_label": "contenttypes"
    },
    "model": "contenttypes.contenttype",
    "pk": 18
},
{
    "fields": {
        "model": "session",
        "app_label": "sessions"
    },
    "model": "contenttypes.contenttype",
    "pk": 19
},
{
    "fields": {
        "model": "kvstore",
        "app_label": "thumbnail"
    },
    "model": "contenttypes.contenttype",
    "pk": 20
},
{
    "fields": {
        "expire_date": "2016-02-05T09:15:16.561Z",
        "session_data": "NDE0MTQzMGRlN2QzMzIzYTkzMTc1ZmEzZDEzOTI3OWFjOGRiNTdjYTp7Il9hdXRoX3VzZXJfaGFzaCI6ImZkYmVlODNkMjc0OTNmOWNjYzUwYWY2YzlkMjgzMzgzN2YwYzljMmYiLCJfYXV0aF91c2VyX2JhY2tlbmQiOiJkamFuZ28uY29udHJpYi5hdXRoLmJhY2tlbmRzLk1vZGVsQmFja2VuZCIsIl9hdXRoX3VzZXJfaWQiOiIxIn0="
    },
    "model": "sessions.session",
    "pk": "8yyju3wa4hz4yack5thtr3ytzrloev6h"
},
{
    "fields": {
        "expire_date": "2016-02-03T07:44:04.666Z",
        "session_data": "NDE0MTQzMGRlN2QzMzIzYTkzMTc1ZmEzZDEzOTI3OWFjOGRiNTdjYTp7Il9hdXRoX3VzZXJfaGFzaCI6ImZkYmVlODNkMjc0OTNmOWNjYzUwYWY2YzlkMjgzMzgzN2YwYzljMmYiLCJfYXV0aF91c2VyX2JhY2tlbmQiOiJkamFuZ28uY29udHJpYi5hdXRoLmJhY2tlbmRzLk1vZGVsQmFja2VuZCIsIl9hdXRoX3VzZXJfaWQiOiIxIn0="
    },
    "model": "sessions.session",
    "pk": "jqu2hm74w06j1gmuzmksnzrjmqvmk80x"
},
{
    "fields": {
        "value": "{\"storage\": \"django.core.files.storage.FileSystemStorage\", \"name\": \"cache/9e/50/9e504571fb122ac0dedee86f0fe86670.jpg\", \"size\": [350, 350]}"
    },
    "model": "thumbnail.kvstore",
    "pk": "sorl-thumbnail||image||05bda14eb3bdba5dda1239bb5ceac575"
},
{
    "fields": {
        "value": "{\"storage\": \"django.core.files.storage.FileSystemStorage\", \"name\": \"cache/ff/34/ff348c70cdc775da3e01bba1b7330349.jpg\", \"size\": [540, 360]}"
    },
    "model": "thumbnail.kvstore",
    "pk": "sorl-thumbnail||image||086d76be71b9530a3f2cd8896a151cb9"
},
{
    "fields": {
        "value": "{\"storage\": \"django.core.files.storage.FileSystemStorage\", \"name\": \"cache/5b/8c/5b8c8bfd562936a3d9b46eb4eef5288c.jpg\", \"size\": [250, 250]}"
    },
    "model": "thumbnail.kvstore",
    "pk": "sorl-thumbnail||image||0b4bd8905751271e96cc486092ab179d"
},
{
    "fields": {
        "value": "{\"storage\": \"django.core.files.storage.FileSystemStorage\", \"name\": \"cache/4d/49/4d499e68c7a638138cc2197e9ddfa816.jpg\", \"size\": [250, 250]}"
    },
    "model": "thumbnail.kvstore",
    "pk": "sorl-thumbnail||image||1e4d65504533837489baa0015ccb1686"
},
{
    "fields": {
        "value": "{\"storage\": \"django.core.files.storage.FileSystemStorage\", \"name\": \"file/donasi_alfamart.jpg\", \"size\": [652, 348]}"
    },
    "model": "thumbnail.kvstore",
    "pk": "sorl-thumbnail||image||2913ed454650533904b97684d03a2c90"
},
{
    "fields": {
        "value": "{\"storage\": \"sorl.thumbnail.images.UrlStorage\", \"name\": \"http://img.youtube.com/vi/2SvUadz_gc4/hqdefault.jpg\", \"size\": [480, 360]}"
    },
    "model": "thumbnail.kvstore",
    "pk": "sorl-thumbnail||image||430ff2751a93b268f22873167e726302"
},
{
    "fields": {
        "value": "{\"storage\": \"django.core.files.storage.FileSystemStorage\", \"name\": \"file/Alfa-Yayasan-Berani-bandung-ekspres-660x330_B6dBPJ4.jpg\", \"size\": [660, 330]}"
    },
    "model": "thumbnail.kvstore",
    "pk": "sorl-thumbnail||image||4999027beb4209f9cd062175f3f1da8f"
},
{
    "fields": {
        "value": "{\"storage\": \"django.core.files.storage.FileSystemStorage\", \"name\": \"file/BEBF_wCt7xxJ.jpg\", \"size\": [1024, 683]}"
    },
    "model": "thumbnail.kvstore",
    "pk": "sorl-thumbnail||image||4a9346ce55b255152cec3027951ce843"
},
{
    "fields": {
        "value": "{\"storage\": \"django.core.files.storage.FileSystemStorage\", \"name\": \"cache/33/74/33742daf341cf753d03f2ec62c8106da.jpg\", \"size\": [250, 250]}"
    },
    "model": "thumbnail.kvstore",
    "pk": "sorl-thumbnail||image||4d90c099706c3866884aadeb0bf02fe2"
},
{
    "fields": {
        "value": "{\"storage\": \"django.core.files.storage.FileSystemStorage\", \"name\": \"file/test.jpg\", \"size\": [169, 300]}"
    },
    "model": "thumbnail.kvstore",
    "pk": "sorl-thumbnail||image||572a814a5796de7cd2765abcaa575f71"
},
{
    "fields": {
        "value": "{\"storage\": \"django.core.files.storage.FileSystemStorage\", \"name\": \"file/alfamart_269udXA.jpg\", \"size\": [600, 400]}"
    },
    "model": "thumbnail.kvstore",
    "pk": "sorl-thumbnail||image||65bcb091f42c95528706645b7e0f035f"
},
{
    "fields": {
        "value": "{\"storage\": \"django.core.files.storage.FileSystemStorage\", \"name\": \"cache/f9/22/f92289d3af7f1969a4ffad1df3e20839.jpg\", \"size\": [350, 350]}"
    },
    "model": "thumbnail.kvstore",
    "pk": "sorl-thumbnail||image||6cecd6b9846880452b31ccb6afede4b4"
},
{
    "fields": {
        "value": "{\"storage\": \"django.core.files.storage.FileSystemStorage\", \"name\": \"file/BBM_ndnHiwi.jpg\", \"size\": [781, 683]}"
    },
    "model": "thumbnail.kvstore",
    "pk": "sorl-thumbnail||image||77f913b638e539f96b42c7a9966345b9"
},
{
    "fields": {
        "value": "{\"storage\": \"django.core.files.storage.FileSystemStorage\", \"name\": \"cache/b0/d2/b0d26f67a605c6ca198512ae34889989.jpg\", \"size\": [253, 190]}"
    },
    "model": "thumbnail.kvstore",
    "pk": "sorl-thumbnail||image||a99fb8fe0f43232bf6d6067686ea2dfc"
},
{
    "fields": {
        "value": "{\"storage\": \"django.core.files.storage.FileSystemStorage\", \"name\": \"file/komik_donasi_alfamart.jpg\", \"size\": [663, 382]}"
    },
    "model": "thumbnail.kvstore",
    "pk": "sorl-thumbnail||image||b3d5f062e8cb26dc87e09ebef937f950"
},
{
    "fields": {
        "value": "{\"storage\": \"sorl.thumbnail.images.UrlStorage\", \"name\": \"http://img.youtube.com/vi/JUyfz9o9AEI/hqdefault.jpg\", \"size\": [480, 360]}"
    },
    "model": "thumbnail.kvstore",
    "pk": "sorl-thumbnail||image||b796d5819121596afe943532326a6221"
},
{
    "fields": {
        "value": "{\"storage\": \"django.core.files.storage.FileSystemStorage\", \"name\": \"cache/b0/07/b0073ccb682a44d11aaffe75eacfaca7.jpg\", \"size\": [542, 360]}"
    },
    "model": "thumbnail.kvstore",
    "pk": "sorl-thumbnail||image||c05d27968096ffc4bee66a16953e1a60"
},
{
    "fields": {
        "value": "{\"storage\": \"django.core.files.storage.FileSystemStorage\", \"name\": \"cache/23/c6/23c61e1f19fb0b87dc9fd32960913cf6.jpg\", \"size\": [250, 250]}"
    },
    "model": "thumbnail.kvstore",
    "pk": "sorl-thumbnail||image||cabdab46b85aa8bc0a7d92316c0cf3fd"
},
{
    "fields": {
        "value": "{\"storage\": \"django.core.files.storage.FileSystemStorage\", \"name\": \"cache/e1/d9/e1d90bf88e16dfa60cb8239345f5cfbf.jpg\", \"size\": [250, 250]}"
    },
    "model": "thumbnail.kvstore",
    "pk": "sorl-thumbnail||image||d060954960af9be44d948f38a84f296f"
},
{
    "fields": {
        "value": "{\"storage\": \"django.core.files.storage.FileSystemStorage\", \"name\": \"cache/de/ec/deecd1d2a7cc14e1f4dc90a034e03121.jpg\", \"size\": [250, 250]}"
    },
    "model": "thumbnail.kvstore",
    "pk": "sorl-thumbnail||image||dc993e90309e3b417fb8aa0d3676a8e0"
},
{
    "fields": {
        "value": "{\"storage\": \"django.core.files.storage.FileSystemStorage\", \"name\": \"file/test_QiJQY1k.jpg\", \"size\": [169, 300]}"
    },
    "model": "thumbnail.kvstore",
    "pk": "sorl-thumbnail||image||e213bc7021f2e23767e6310d192ea650"
},
{
    "fields": {
        "value": "{\"storage\": \"django.core.files.storage.FileSystemStorage\", \"name\": \"cache/88/1c/881c7147b1524f565c3d620c6b6805f0.jpg\", \"size\": [253, 190]}"
    },
    "model": "thumbnail.kvstore",
    "pk": "sorl-thumbnail||image||e892cf3e7674fa775733c40b8635ee60"
},
{
    "fields": {
        "value": "{\"storage\": \"django.core.files.storage.FileSystemStorage\", \"name\": \"file/global_safety.jpg\", \"size\": [600, 337]}"
    },
    "model": "thumbnail.kvstore",
    "pk": "sorl-thumbnail||image||ed801d6ac068fc05a596b8805635b976"
},
{
    "fields": {
        "value": "{\"storage\": \"django.core.files.storage.FileSystemStorage\", \"name\": \"cache/41/0a/410a8c065c82681391b6325640eeffbe.jpg\", \"size\": [720, 360]}"
    },
    "model": "thumbnail.kvstore",
    "pk": "sorl-thumbnail||image||f4b6b830c3ed479b176fc5a99050650a"
},
{
    "fields": {
        "value": "{\"storage\": \"django.core.files.storage.FileSystemStorage\", \"name\": \"file/school_sport_ajegvJC.jpg\", \"size\": [640, 425]}"
    },
    "model": "thumbnail.kvstore",
    "pk": "sorl-thumbnail||image||f63380aac7993fee1726d7acc2c90b6a"
},
{
    "fields": {
        "value": "{\"storage\": \"django.core.files.storage.FileSystemStorage\", \"name\": \"cache/fa/db/fadbd5933ad5bbbc28990e62feff34b1.jpg\", \"size\": [250, 250]}"
    },
    "model": "thumbnail.kvstore",
    "pk": "sorl-thumbnail||image||ff51cea16df94e61e85ae02385274020"
},
{
    "fields": {
        "value": "[\"d060954960af9be44d948f38a84f296f\"]"
    },
    "model": "thumbnail.kvstore",
    "pk": "sorl-thumbnail||thumbnails||2913ed454650533904b97684d03a2c90"
},
{
    "fields": {
        "value": "[\"e892cf3e7674fa775733c40b8635ee60\"]"
    },
    "model": "thumbnail.kvstore",
    "pk": "sorl-thumbnail||thumbnails||430ff2751a93b268f22873167e726302"
},
{
    "fields": {
        "value": "[\"f4b6b830c3ed479b176fc5a99050650a\"]"
    },
    "model": "thumbnail.kvstore",
    "pk": "sorl-thumbnail||thumbnails||4999027beb4209f9cd062175f3f1da8f"
},
{
    "fields": {
        "value": "[\"dc993e90309e3b417fb8aa0d3676a8e0\"]"
    },
    "model": "thumbnail.kvstore",
    "pk": "sorl-thumbnail||thumbnails||4a9346ce55b255152cec3027951ce843"
},
{
    "fields": {
        "value": "[\"0b4bd8905751271e96cc486092ab179d\"]"
    },
    "model": "thumbnail.kvstore",
    "pk": "sorl-thumbnail||thumbnails||572a814a5796de7cd2765abcaa575f71"
},
{
    "fields": {
        "value": "[\"086d76be71b9530a3f2cd8896a151cb9\"]"
    },
    "model": "thumbnail.kvstore",
    "pk": "sorl-thumbnail||thumbnails||65bcb091f42c95528706645b7e0f035f"
},
{
    "fields": {
        "value": "[\"1e4d65504533837489baa0015ccb1686\"]"
    },
    "model": "thumbnail.kvstore",
    "pk": "sorl-thumbnail||thumbnails||77f913b638e539f96b42c7a9966345b9"
},
{
    "fields": {
        "value": "[\"4d90c099706c3866884aadeb0bf02fe2\"]"
    },
    "model": "thumbnail.kvstore",
    "pk": "sorl-thumbnail||thumbnails||b3d5f062e8cb26dc87e09ebef937f950"
},
{
    "fields": {
        "value": "[\"a99fb8fe0f43232bf6d6067686ea2dfc\"]"
    },
    "model": "thumbnail.kvstore",
    "pk": "sorl-thumbnail||thumbnails||b796d5819121596afe943532326a6221"
},
{
    "fields": {
        "value": "[\"ff51cea16df94e61e85ae02385274020\"]"
    },
    "model": "thumbnail.kvstore",
    "pk": "sorl-thumbnail||thumbnails||e213bc7021f2e23767e6310d192ea650"
},
{
    "fields": {
        "value": "[\"cabdab46b85aa8bc0a7d92316c0cf3fd\"]"
    },
    "model": "thumbnail.kvstore",
    "pk": "sorl-thumbnail||thumbnails||ed801d6ac068fc05a596b8805635b976"
},
{
    "fields": {
        "value": "[\"c05d27968096ffc4bee66a16953e1a60\"]"
    },
    "model": "thumbnail.kvstore",
    "pk": "sorl-thumbnail||thumbnails||f63380aac7993fee1726d7acc2c90b6a"
},
{
    "fields": {
        "codename": "add_paypalipn",
        "name": "Can add PayPal IPN",
        "content_type": [
            "ipn",
            "paypalipn"
        ]
    },
    "model": "auth.permission",
    "pk": 1
},
{
    "fields": {
        "codename": "change_paypalipn",
        "name": "Can change PayPal IPN",
        "content_type": [
            "ipn",
            "paypalipn"
        ]
    },
    "model": "auth.permission",
    "pk": 2
},
{
    "fields": {
        "codename": "delete_paypalipn",
        "name": "Can delete PayPal IPN",
        "content_type": [
            "ipn",
            "paypalipn"
        ]
    },
    "model": "auth.permission",
    "pk": 3
},
{
    "fields": {
        "codename": "add_category",
        "name": "Can add category",
        "content_type": [
            "news",
            "category"
        ]
    },
    "model": "auth.permission",
    "pk": 4
},
{
    "fields": {
        "codename": "change_category",
        "name": "Can change category",
        "content_type": [
            "news",
            "category"
        ]
    },
    "model": "auth.permission",
    "pk": 5
},
{
    "fields": {
        "codename": "delete_category",
        "name": "Can delete category",
        "content_type": [
            "news",
            "category"
        ]
    },
    "model": "auth.permission",
    "pk": 6
},
{
    "fields": {
        "codename": "add_news",
        "name": "Can add news",
        "content_type": [
            "news",
            "news"
        ]
    },
    "model": "auth.permission",
    "pk": 7
},
{
    "fields": {
        "codename": "change_news",
        "name": "Can change news",
        "content_type": [
            "news",
            "news"
        ]
    },
    "model": "auth.permission",
    "pk": 8
},
{
    "fields": {
        "codename": "delete_news",
        "name": "Can delete news",
        "content_type": [
            "news",
            "news"
        ]
    },
    "model": "auth.permission",
    "pk": 9
},
{
    "fields": {
        "codename": "add_blog",
        "name": "Can add blog",
        "content_type": [
            "news",
            "blog"
        ]
    },
    "model": "auth.permission",
    "pk": 10
},
{
    "fields": {
        "codename": "change_blog",
        "name": "Can change blog",
        "content_type": [
            "news",
            "blog"
        ]
    },
    "model": "auth.permission",
    "pk": 11
},
{
    "fields": {
        "codename": "delete_blog",
        "name": "Can delete blog",
        "content_type": [
            "news",
            "blog"
        ]
    },
    "model": "auth.permission",
    "pk": 12
},
{
    "fields": {
        "codename": "add_press",
        "name": "Can add press",
        "content_type": [
            "news",
            "press"
        ]
    },
    "model": "auth.permission",
    "pk": 13
},
{
    "fields": {
        "codename": "change_press",
        "name": "Can change press",
        "content_type": [
            "news",
            "press"
        ]
    },
    "model": "auth.permission",
    "pk": 14
},
{
    "fields": {
        "codename": "delete_press",
        "name": "Can delete press",
        "content_type": [
            "news",
            "press"
        ]
    },
    "model": "auth.permission",
    "pk": 15
},
{
    "fields": {
        "codename": "add_programcategory",
        "name": "Can add program category",
        "content_type": [
            "program",
            "programcategory"
        ]
    },
    "model": "auth.permission",
    "pk": 16
},
{
    "fields": {
        "codename": "change_programcategory",
        "name": "Can change program category",
        "content_type": [
            "program",
            "programcategory"
        ]
    },
    "model": "auth.permission",
    "pk": 17
},
{
    "fields": {
        "codename": "delete_programcategory",
        "name": "Can delete program category",
        "content_type": [
            "program",
            "programcategory"
        ]
    },
    "model": "auth.permission",
    "pk": 18
},
{
    "fields": {
        "codename": "add_program",
        "name": "Can add program",
        "content_type": [
            "program",
            "program"
        ]
    },
    "model": "auth.permission",
    "pk": 19
},
{
    "fields": {
        "codename": "change_program",
        "name": "Can change program",
        "content_type": [
            "program",
            "program"
        ]
    },
    "model": "auth.permission",
    "pk": 20
},
{
    "fields": {
        "codename": "delete_program",
        "name": "Can delete program",
        "content_type": [
            "program",
            "program"
        ]
    },
    "model": "auth.permission",
    "pk": 21
},
{
    "fields": {
        "codename": "add_gallery",
        "name": "Can add gallery",
        "content_type": [
            "gallery",
            "gallery"
        ]
    },
    "model": "auth.permission",
    "pk": 22
},
{
    "fields": {
        "codename": "change_gallery",
        "name": "Can change gallery",
        "content_type": [
            "gallery",
            "gallery"
        ]
    },
    "model": "auth.permission",
    "pk": 23
},
{
    "fields": {
        "codename": "delete_gallery",
        "name": "Can delete gallery",
        "content_type": [
            "gallery",
            "gallery"
        ]
    },
    "model": "auth.permission",
    "pk": 24
},
{
    "fields": {
        "codename": "add_video",
        "name": "Can add video",
        "content_type": [
            "gallery",
            "video"
        ]
    },
    "model": "auth.permission",
    "pk": 25
},
{
    "fields": {
        "codename": "change_video",
        "name": "Can change video",
        "content_type": [
            "gallery",
            "video"
        ]
    },
    "model": "auth.permission",
    "pk": 26
},
{
    "fields": {
        "codename": "delete_video",
        "name": "Can delete video",
        "content_type": [
            "gallery",
            "video"
        ]
    },
    "model": "auth.permission",
    "pk": 27
},
{
    "fields": {
        "codename": "add_country",
        "name": "Can add country",
        "content_type": [
            "maps",
            "country"
        ]
    },
    "model": "auth.permission",
    "pk": 28
},
{
    "fields": {
        "codename": "change_country",
        "name": "Can change country",
        "content_type": [
            "maps",
            "country"
        ]
    },
    "model": "auth.permission",
    "pk": 29
},
{
    "fields": {
        "codename": "delete_country",
        "name": "Can delete country",
        "content_type": [
            "maps",
            "country"
        ]
    },
    "model": "auth.permission",
    "pk": 30
},
{
    "fields": {
        "codename": "add_state",
        "name": "Can add state",
        "content_type": [
            "maps",
            "state"
        ]
    },
    "model": "auth.permission",
    "pk": 31
},
{
    "fields": {
        "codename": "change_state",
        "name": "Can change state",
        "content_type": [
            "maps",
            "state"
        ]
    },
    "model": "auth.permission",
    "pk": 32
},
{
    "fields": {
        "codename": "delete_state",
        "name": "Can delete state",
        "content_type": [
            "maps",
            "state"
        ]
    },
    "model": "auth.permission",
    "pk": 33
},
{
    "fields": {
        "codename": "add_city",
        "name": "Can add city",
        "content_type": [
            "maps",
            "city"
        ]
    },
    "model": "auth.permission",
    "pk": 34
},
{
    "fields": {
        "codename": "change_city",
        "name": "Can change city",
        "content_type": [
            "maps",
            "city"
        ]
    },
    "model": "auth.permission",
    "pk": 35
},
{
    "fields": {
        "codename": "delete_city",
        "name": "Can delete city",
        "content_type": [
            "maps",
            "city"
        ]
    },
    "model": "auth.permission",
    "pk": 36
},
{
    "fields": {
        "codename": "add_career",
        "name": "Can add career",
        "content_type": [
            "career",
            "career"
        ]
    },
    "model": "auth.permission",
    "pk": 37
},
{
    "fields": {
        "codename": "change_career",
        "name": "Can change career",
        "content_type": [
            "career",
            "career"
        ]
    },
    "model": "auth.permission",
    "pk": 38
},
{
    "fields": {
        "codename": "delete_career",
        "name": "Can delete career",
        "content_type": [
            "career",
            "career"
        ]
    },
    "model": "auth.permission",
    "pk": 39
},
{
    "fields": {
        "codename": "add_logentry",
        "name": "Can add log entry",
        "content_type": [
            "admin",
            "logentry"
        ]
    },
    "model": "auth.permission",
    "pk": 40
},
{
    "fields": {
        "codename": "change_logentry",
        "name": "Can change log entry",
        "content_type": [
            "admin",
            "logentry"
        ]
    },
    "model": "auth.permission",
    "pk": 41
},
{
    "fields": {
        "codename": "delete_logentry",
        "name": "Can delete log entry",
        "content_type": [
            "admin",
            "logentry"
        ]
    },
    "model": "auth.permission",
    "pk": 42
},
{
    "fields": {
        "codename": "add_permission",
        "name": "Can add permission",
        "content_type": [
            "auth",
            "permission"
        ]
    },
    "model": "auth.permission",
    "pk": 43
},
{
    "fields": {
        "codename": "change_permission",
        "name": "Can change permission",
        "content_type": [
            "auth",
            "permission"
        ]
    },
    "model": "auth.permission",
    "pk": 44
},
{
    "fields": {
        "codename": "delete_permission",
        "name": "Can delete permission",
        "content_type": [
            "auth",
            "permission"
        ]
    },
    "model": "auth.permission",
    "pk": 45
},
{
    "fields": {
        "codename": "add_group",
        "name": "Can add group",
        "content_type": [
            "auth",
            "group"
        ]
    },
    "model": "auth.permission",
    "pk": 46
},
{
    "fields": {
        "codename": "change_group",
        "name": "Can change group",
        "content_type": [
            "auth",
            "group"
        ]
    },
    "model": "auth.permission",
    "pk": 47
},
{
    "fields": {
        "codename": "delete_group",
        "name": "Can delete group",
        "content_type": [
            "auth",
            "group"
        ]
    },
    "model": "auth.permission",
    "pk": 48
},
{
    "fields": {
        "codename": "add_user",
        "name": "Can add user",
        "content_type": [
            "auth",
            "user"
        ]
    },
    "model": "auth.permission",
    "pk": 49
},
{
    "fields": {
        "codename": "change_user",
        "name": "Can change user",
        "content_type": [
            "auth",
            "user"
        ]
    },
    "model": "auth.permission",
    "pk": 50
},
{
    "fields": {
        "codename": "delete_user",
        "name": "Can delete user",
        "content_type": [
            "auth",
            "user"
        ]
    },
    "model": "auth.permission",
    "pk": 51
},
{
    "fields": {
        "codename": "add_contenttype",
        "name": "Can add content type",
        "content_type": [
            "contenttypes",
            "contenttype"
        ]
    },
    "model": "auth.permission",
    "pk": 52
},
{
    "fields": {
        "codename": "change_contenttype",
        "name": "Can change content type",
        "content_type": [
            "contenttypes",
            "contenttype"
        ]
    },
    "model": "auth.permission",
    "pk": 53
},
{
    "fields": {
        "codename": "delete_contenttype",
        "name": "Can delete content type",
        "content_type": [
            "contenttypes",
            "contenttype"
        ]
    },
    "model": "auth.permission",
    "pk": 54
},
{
    "fields": {
        "codename": "add_session",
        "name": "Can add session",
        "content_type": [
            "sessions",
            "session"
        ]
    },
    "model": "auth.permission",
    "pk": 55
},
{
    "fields": {
        "codename": "change_session",
        "name": "Can change session",
        "content_type": [
            "sessions",
            "session"
        ]
    },
    "model": "auth.permission",
    "pk": 56
},
{
    "fields": {
        "codename": "delete_session",
        "name": "Can delete session",
        "content_type": [
            "sessions",
            "session"
        ]
    },
    "model": "auth.permission",
    "pk": 57
},
{
    "fields": {
        "codename": "add_kvstore",
        "name": "Can add kv store",
        "content_type": [
            "thumbnail",
            "kvstore"
        ]
    },
    "model": "auth.permission",
    "pk": 58
},
{
    "fields": {
        "codename": "change_kvstore",
        "name": "Can change kv store",
        "content_type": [
            "thumbnail",
            "kvstore"
        ]
    },
    "model": "auth.permission",
    "pk": 59
},
{
    "fields": {
        "codename": "delete_kvstore",
        "name": "Can delete kv store",
        "content_type": [
            "thumbnail",
            "kvstore"
        ]
    },
    "model": "auth.permission",
    "pk": 60
},
{
    "fields": {
        "username": "admin",
        "first_name": "",
        "last_name": "",
        "is_active": true,
        "is_superuser": true,
        "is_staff": true,
        "last_login": "2016-01-22T09:15:16.505Z",
        "groups": [],
        "user_permissions": [],
        "password": "pbkdf2_sha256$20000$8OVqDL4AoFQ5$ZkO8+NbwkllBx7xuLKQxm21onsVu3AW/hf1MtuTVkOE=",
        "email": "admin@beranifoundation.org",
        "date_joined": "2016-01-20T07:43:57.540Z"
    },
    "model": "auth.user",
    "pk": 1
},
{
    "fields": {
        "action_flag": 1,
        "action_time": "2016-01-20T07:46:28.451Z",
        "object_repr": "Indonesia",
        "object_id": "1",
        "change_message": "",
        "user": [
            "admin"
        ],
        "content_type": [
            "maps",
            "country"
        ]
    },
    "model": "admin.logentry",
    "pk": 1
},
{
    "fields": {
        "action_flag": 1,
        "action_time": "2016-01-20T07:47:22.235Z",
        "object_repr": "Aceh",
        "object_id": "1",
        "change_message": "",
        "user": [
            "admin"
        ],
        "content_type": [
            "maps",
            "state"
        ]
    },
    "model": "admin.logentry",
    "pk": 2
},
{
    "fields": {
        "action_flag": 1,
        "action_time": "2016-01-20T07:47:25.903Z",
        "object_repr": "Aceh - Banda Aceh",
        "object_id": "1",
        "change_message": "",
        "user": [
            "admin"
        ],
        "content_type": [
            "maps",
            "city"
        ]
    },
    "model": "admin.logentry",
    "pk": 3
},
{
    "fields": {
        "action_flag": 1,
        "action_time": "2016-01-20T07:48:58.582Z",
        "object_repr": "Aceh - Langsa",
        "object_id": "2",
        "change_message": "",
        "user": [
            "admin"
        ],
        "content_type": [
            "maps",
            "city"
        ]
    },
    "model": "admin.logentry",
    "pk": 4
},
{
    "fields": {
        "action_flag": 1,
        "action_time": "2016-01-20T07:49:19.751Z",
        "object_repr": "Aceh - Lhokseumawe",
        "object_id": "3",
        "change_message": "",
        "user": [
            "admin"
        ],
        "content_type": [
            "maps",
            "city"
        ]
    },
    "model": "admin.logentry",
    "pk": 5
},
{
    "fields": {
        "action_flag": 1,
        "action_time": "2016-01-20T07:49:34.131Z",
        "object_repr": "Aceh - Meulaboh",
        "object_id": "4",
        "change_message": "",
        "user": [
            "admin"
        ],
        "content_type": [
            "maps",
            "city"
        ]
    },
    "model": "admin.logentry",
    "pk": 6
},
{
    "fields": {
        "action_flag": 1,
        "action_time": "2016-01-20T07:49:46.279Z",
        "object_repr": "Aceh - Sabang",
        "object_id": "5",
        "change_message": "",
        "user": [
            "admin"
        ],
        "content_type": [
            "maps",
            "city"
        ]
    },
    "model": "admin.logentry",
    "pk": 7
},
{
    "fields": {
        "action_flag": 1,
        "action_time": "2016-01-20T07:49:59.075Z",
        "object_repr": "Aceh - Subulussalam",
        "object_id": "6",
        "change_message": "",
        "user": [
            "admin"
        ],
        "content_type": [
            "maps",
            "city"
        ]
    },
    "model": "admin.logentry",
    "pk": 8
},
{
    "fields": {
        "action_flag": 1,
        "action_time": "2016-01-20T07:50:28.765Z",
        "object_repr": "Bali",
        "object_id": "2",
        "change_message": "",
        "user": [
            "admin"
        ],
        "content_type": [
            "maps",
            "state"
        ]
    },
    "model": "admin.logentry",
    "pk": 9
},
{
    "fields": {
        "action_flag": 1,
        "action_time": "2016-01-20T07:50:32.304Z",
        "object_repr": "Bali - Denpasar",
        "object_id": "7",
        "change_message": "",
        "user": [
            "admin"
        ],
        "content_type": [
            "maps",
            "city"
        ]
    },
    "model": "admin.logentry",
    "pk": 10
},
{
    "fields": {
        "action_flag": 1,
        "action_time": "2016-01-20T07:51:02.458Z",
        "object_repr": "Bangka Belitung",
        "object_id": "3",
        "change_message": "",
        "user": [
            "admin"
        ],
        "content_type": [
            "maps",
            "state"
        ]
    },
    "model": "admin.logentry",
    "pk": 11
},
{
    "fields": {
        "action_flag": 1,
        "action_time": "2016-01-20T07:51:04.799Z",
        "object_repr": "Bangka Belitung - Pangkalpinang",
        "object_id": "8",
        "change_message": "",
        "user": [
            "admin"
        ],
        "content_type": [
            "maps",
            "city"
        ]
    },
    "model": "admin.logentry",
    "pk": 12
},
{
    "fields": {
        "action_flag": 1,
        "action_time": "2016-01-20T07:51:25.027Z",
        "object_repr": "Banten",
        "object_id": "4",
        "change_message": "",
        "user": [
            "admin"
        ],
        "content_type": [
            "maps",
            "state"
        ]
    },
    "model": "admin.logentry",
    "pk": 13
},
{
    "fields": {
        "action_flag": 1,
        "action_time": "2016-01-20T07:51:28.068Z",
        "object_repr": "Banten - Cilegon",
        "object_id": "9",
        "change_message": "",
        "user": [
            "admin"
        ],
        "content_type": [
            "maps",
            "city"
        ]
    },
    "model": "admin.logentry",
    "pk": 14
},
{
    "fields": {
        "action_flag": 1,
        "action_time": "2016-01-20T07:52:15.787Z",
        "object_repr": "Banten - Serang",
        "object_id": "10",
        "change_message": "",
        "user": [
            "admin"
        ],
        "content_type": [
            "maps",
            "city"
        ]
    },
    "model": "admin.logentry",
    "pk": 15
},
{
    "fields": {
        "action_flag": 1,
        "action_time": "2016-01-20T07:52:40.760Z",
        "object_repr": "Banten - Tanggerang Selatan",
        "object_id": "11",
        "change_message": "",
        "user": [
            "admin"
        ],
        "content_type": [
            "maps",
            "city"
        ]
    },
    "model": "admin.logentry",
    "pk": 16
},
{
    "fields": {
        "action_flag": 1,
        "action_time": "2016-01-20T07:53:08.747Z",
        "object_repr": "Banten - Tanggerang",
        "object_id": "12",
        "change_message": "",
        "user": [
            "admin"
        ],
        "content_type": [
            "maps",
            "city"
        ]
    },
    "model": "admin.logentry",
    "pk": 17
},
{
    "fields": {
        "action_flag": 1,
        "action_time": "2016-01-20T07:53:24.507Z",
        "object_repr": "bengkulu",
        "object_id": "5",
        "change_message": "",
        "user": [
            "admin"
        ],
        "content_type": [
            "maps",
            "state"
        ]
    },
    "model": "admin.logentry",
    "pk": 18
},
{
    "fields": {
        "action_flag": 1,
        "action_time": "2016-01-20T07:53:28.965Z",
        "object_repr": "bengkulu - bengkulu",
        "object_id": "13",
        "change_message": "",
        "user": [
            "admin"
        ],
        "content_type": [
            "maps",
            "city"
        ]
    },
    "model": "admin.logentry",
    "pk": 19
},
{
    "fields": {
        "action_flag": 1,
        "action_time": "2016-01-20T07:53:47.306Z",
        "object_repr": "Gorontalo",
        "object_id": "6",
        "change_message": "",
        "user": [
            "admin"
        ],
        "content_type": [
            "maps",
            "state"
        ]
    },
    "model": "admin.logentry",
    "pk": 20
},
{
    "fields": {
        "action_flag": 1,
        "action_time": "2016-01-20T07:53:50.327Z",
        "object_repr": "Gorontalo - Gorontalo",
        "object_id": "14",
        "change_message": "",
        "user": [
            "admin"
        ],
        "content_type": [
            "maps",
            "city"
        ]
    },
    "model": "admin.logentry",
    "pk": 21
},
{
    "fields": {
        "action_flag": 1,
        "action_time": "2016-01-20T07:54:17.091Z",
        "object_repr": "DKI Jakarta",
        "object_id": "7",
        "change_message": "",
        "user": [
            "admin"
        ],
        "content_type": [
            "maps",
            "state"
        ]
    },
    "model": "admin.logentry",
    "pk": 22
},
{
    "fields": {
        "action_flag": 1,
        "action_time": "2016-01-20T07:54:21.291Z",
        "object_repr": "DKI Jakarta - Jakarta Barat",
        "object_id": "15",
        "change_message": "",
        "user": [
            "admin"
        ],
        "content_type": [
            "maps",
            "city"
        ]
    },
    "model": "admin.logentry",
    "pk": 23
},
{
    "fields": {
        "action_flag": 1,
        "action_time": "2016-01-20T07:54:39.046Z",
        "object_repr": "DKI Jakarta - Jakarta Pusat",
        "object_id": "16",
        "change_message": "",
        "user": [
            "admin"
        ],
        "content_type": [
            "maps",
            "city"
        ]
    },
    "model": "admin.logentry",
    "pk": 24
},
{
    "fields": {
        "action_flag": 1,
        "action_time": "2016-01-20T07:54:48.351Z",
        "object_repr": "DKI Jakarta - Jakarta Selatan",
        "object_id": "17",
        "change_message": "",
        "user": [
            "admin"
        ],
        "content_type": [
            "maps",
            "city"
        ]
    },
    "model": "admin.logentry",
    "pk": 25
},
{
    "fields": {
        "action_flag": 1,
        "action_time": "2016-01-20T07:54:59.573Z",
        "object_repr": "DKI Jakarta - Jakarta Timur",
        "object_id": "18",
        "change_message": "",
        "user": [
            "admin"
        ],
        "content_type": [
            "maps",
            "city"
        ]
    },
    "model": "admin.logentry",
    "pk": 26
},
{
    "fields": {
        "action_flag": 1,
        "action_time": "2016-01-20T07:55:13.692Z",
        "object_repr": "DKI Jakarta - Jakarta Utara",
        "object_id": "19",
        "change_message": "",
        "user": [
            "admin"
        ],
        "content_type": [
            "maps",
            "city"
        ]
    },
    "model": "admin.logentry",
    "pk": 27
},
{
    "fields": {
        "action_flag": 1,
        "action_time": "2016-01-20T07:55:42.570Z",
        "object_repr": "Jambi",
        "object_id": "8",
        "change_message": "",
        "user": [
            "admin"
        ],
        "content_type": [
            "maps",
            "state"
        ]
    },
    "model": "admin.logentry",
    "pk": 28
},
{
    "fields": {
        "action_flag": 1,
        "action_time": "2016-01-20T07:55:45.252Z",
        "object_repr": "Jambi - Sungai Penuh",
        "object_id": "20",
        "change_message": "",
        "user": [
            "admin"
        ],
        "content_type": [
            "maps",
            "city"
        ]
    },
    "model": "admin.logentry",
    "pk": 29
},
{
    "fields": {
        "action_flag": 1,
        "action_time": "2016-01-20T07:55:56.124Z",
        "object_repr": "Jambi - Jambi",
        "object_id": "21",
        "change_message": "",
        "user": [
            "admin"
        ],
        "content_type": [
            "maps",
            "city"
        ]
    },
    "model": "admin.logentry",
    "pk": 30
},
{
    "fields": {
        "action_flag": 1,
        "action_time": "2016-01-20T07:56:14.294Z",
        "object_repr": "Jawa Barat",
        "object_id": "9",
        "change_message": "",
        "user": [
            "admin"
        ],
        "content_type": [
            "maps",
            "state"
        ]
    },
    "model": "admin.logentry",
    "pk": 31
},
{
    "fields": {
        "action_flag": 1,
        "action_time": "2016-01-20T07:56:16.797Z",
        "object_repr": "Jawa Barat - Bandung",
        "object_id": "22",
        "change_message": "",
        "user": [
            "admin"
        ],
        "content_type": [
            "maps",
            "city"
        ]
    },
    "model": "admin.logentry",
    "pk": 32
},
{
    "fields": {
        "action_flag": 1,
        "action_time": "2016-01-20T07:56:37.883Z",
        "object_repr": "Jawa Barat - Bekasi",
        "object_id": "23",
        "change_message": "",
        "user": [
            "admin"
        ],
        "content_type": [
            "maps",
            "city"
        ]
    },
    "model": "admin.logentry",
    "pk": 33
},
{
    "fields": {
        "action_flag": 1,
        "action_time": "2016-01-20T07:57:00.630Z",
        "object_repr": "Jawa Barat - Bogor",
        "object_id": "24",
        "change_message": "",
        "user": [
            "admin"
        ],
        "content_type": [
            "maps",
            "city"
        ]
    },
    "model": "admin.logentry",
    "pk": 34
},
{
    "fields": {
        "action_flag": 1,
        "action_time": "2016-01-20T07:57:17.694Z",
        "object_repr": "Jawa Barat - Cimahi",
        "object_id": "25",
        "change_message": "",
        "user": [
            "admin"
        ],
        "content_type": [
            "maps",
            "city"
        ]
    },
    "model": "admin.logentry",
    "pk": 35
},
{
    "fields": {
        "action_flag": 1,
        "action_time": "2016-01-20T07:57:32.164Z",
        "object_repr": "Jawa Barat - Cirebon",
        "object_id": "26",
        "change_message": "",
        "user": [
            "admin"
        ],
        "content_type": [
            "maps",
            "city"
        ]
    },
    "model": "admin.logentry",
    "pk": 36
},
{
    "fields": {
        "action_flag": 1,
        "action_time": "2016-01-20T07:57:41.128Z",
        "object_repr": "Jawa Barat - Depok",
        "object_id": "27",
        "change_message": "",
        "user": [
            "admin"
        ],
        "content_type": [
            "maps",
            "city"
        ]
    },
    "model": "admin.logentry",
    "pk": 37
},
{
    "fields": {
        "action_flag": 1,
        "action_time": "2016-01-20T07:57:55.256Z",
        "object_repr": "Jawa Barat - Sukabumi",
        "object_id": "28",
        "change_message": "",
        "user": [
            "admin"
        ],
        "content_type": [
            "maps",
            "city"
        ]
    },
    "model": "admin.logentry",
    "pk": 38
},
{
    "fields": {
        "action_flag": 1,
        "action_time": "2016-01-20T07:58:06.385Z",
        "object_repr": "Jawa Barat - Tasikmalaya",
        "object_id": "29",
        "change_message": "",
        "user": [
            "admin"
        ],
        "content_type": [
            "maps",
            "city"
        ]
    },
    "model": "admin.logentry",
    "pk": 39
},
{
    "fields": {
        "action_flag": 1,
        "action_time": "2016-01-20T07:58:16.741Z",
        "object_repr": "Jawa Barat - Banjar",
        "object_id": "30",
        "change_message": "",
        "user": [
            "admin"
        ],
        "content_type": [
            "maps",
            "city"
        ]
    },
    "model": "admin.logentry",
    "pk": 40
},
{
    "fields": {
        "action_flag": 1,
        "action_time": "2016-01-20T07:58:25.876Z",
        "object_repr": "Jawa Barat - Magelang",
        "object_id": "31",
        "change_message": "",
        "user": [
            "admin"
        ],
        "content_type": [
            "maps",
            "city"
        ]
    },
    "model": "admin.logentry",
    "pk": 41
},
{
    "fields": {
        "action_flag": 1,
        "action_time": "2016-01-20T07:58:50.806Z",
        "object_repr": "Jawa Barat - Pekalongan",
        "object_id": "32",
        "change_message": "",
        "user": [
            "admin"
        ],
        "content_type": [
            "maps",
            "city"
        ]
    },
    "model": "admin.logentry",
    "pk": 42
},
{
    "fields": {
        "action_flag": 1,
        "action_time": "2016-01-20T07:59:34.507Z",
        "object_repr": "Jawa Tengah",
        "object_id": "10",
        "change_message": "",
        "user": [
            "admin"
        ],
        "content_type": [
            "maps",
            "state"
        ]
    },
    "model": "admin.logentry",
    "pk": 43
},
{
    "fields": {
        "action_flag": 2,
        "action_time": "2016-01-20T07:59:37.357Z",
        "object_repr": "Jawa Tengah - Magelang",
        "object_id": "31",
        "change_message": "Changed state.",
        "user": [
            "admin"
        ],
        "content_type": [
            "maps",
            "city"
        ]
    },
    "model": "admin.logentry",
    "pk": 44
},
{
    "fields": {
        "action_flag": 2,
        "action_time": "2016-01-20T07:59:53.334Z",
        "object_repr": "Jawa Tengah - Pekalongan",
        "object_id": "32",
        "change_message": "Changed state.",
        "user": [
            "admin"
        ],
        "content_type": [
            "maps",
            "city"
        ]
    },
    "model": "admin.logentry",
    "pk": 45
},
{
    "fields": {
        "action_flag": 1,
        "action_time": "2016-01-20T08:19:19.433Z",
        "object_repr": "Donasi",
        "object_id": "1",
        "change_message": "",
        "user": [
            "admin"
        ],
        "content_type": [
            "news",
            "category"
        ]
    },
    "model": "admin.logentry",
    "pk": 46
},
{
    "fields": {
        "action_flag": 1,
        "action_time": "2016-01-20T08:20:39.831Z",
        "object_repr": "2: Minimarket Ini Mengajak Berbagi Bersama Masyarakat",
        "object_id": "2",
        "change_message": "",
        "user": [
            "admin"
        ],
        "content_type": [
            "news",
            "press"
        ]
    },
    "model": "admin.logentry",
    "pk": 47
},
{
    "fields": {
        "action_flag": 1,
        "action_time": "2016-01-20T08:20:39.832Z",
        "object_repr": "1: Minimarket Ini Mengajak Berbagi Bersama Masyarakat",
        "object_id": "1",
        "change_message": "",
        "user": [
            "admin"
        ],
        "content_type": [
            "news",
            "press"
        ]
    },
    "model": "admin.logentry",
    "pk": 48
},
{
    "fields": {
        "action_flag": 2,
        "action_time": "2016-01-20T08:22:38.975Z",
        "object_repr": "1: Minimarket Ini Mengajak Berbagi Bersama Masyarakat",
        "object_id": "1",
        "change_message": "Changed content.",
        "user": [
            "admin"
        ],
        "content_type": [
            "news",
            "press"
        ]
    },
    "model": "admin.logentry",
    "pk": 49
},
{
    "fields": {
        "action_flag": 1,
        "action_time": "2016-01-20T08:23:38.419Z",
        "object_repr": "Jawa Tengah - yogyakarta",
        "object_id": "33",
        "change_message": "",
        "user": [
            "admin"
        ],
        "content_type": [
            "maps",
            "city"
        ]
    },
    "model": "admin.logentry",
    "pk": 50
},
{
    "fields": {
        "action_flag": 2,
        "action_time": "2016-01-20T08:25:06.774Z",
        "object_repr": "2: Alfamart Ajak Masyarakat Ikut Aksi Sosial",
        "object_id": "2",
        "change_message": "Changed title, location, content and image.",
        "user": [
            "admin"
        ],
        "content_type": [
            "news",
            "press"
        ]
    },
    "model": "admin.logentry",
    "pk": 51
},
{
    "fields": {
        "action_flag": 2,
        "action_time": "2016-01-20T08:25:22.176Z",
        "object_repr": "2: Alfamart Ajak Masyarakat Ikut Aksi Sosial",
        "object_id": "2",
        "change_message": "No fields changed.",
        "user": [
            "admin"
        ],
        "content_type": [
            "news",
            "press"
        ]
    },
    "model": "admin.logentry",
    "pk": 52
},
{
    "fields": {
        "action_flag": 2,
        "action_time": "2016-01-20T08:26:40.070Z",
        "object_repr": "2: Alfamart Ajak Masyarakat Ikut Aksi Sosial",
        "object_id": "2",
        "change_message": "Changed content.",
        "user": [
            "admin"
        ],
        "content_type": [
            "news",
            "press"
        ]
    },
    "model": "admin.logentry",
    "pk": 53
},
{
    "fields": {
        "action_flag": 1,
        "action_time": "2016-01-20T08:30:01.481Z",
        "object_repr": "3: Alfamart Ajak Konsumen Berbagi untuk Penyandang Disabilitas",
        "object_id": "3",
        "change_message": "",
        "user": [
            "admin"
        ],
        "content_type": [
            "news",
            "press"
        ]
    },
    "model": "admin.logentry",
    "pk": 54
},
{
    "fields": {
        "action_flag": 2,
        "action_time": "2016-01-20T08:31:48.665Z",
        "object_repr": "3: Alfamart Ajak Konsumen Berbagi untuk Penyandang Disabilitas",
        "object_id": "3",
        "change_message": "Changed image.",
        "user": [
            "admin"
        ],
        "content_type": [
            "news",
            "press"
        ]
    },
    "model": "admin.logentry",
    "pk": 55
},
{
    "fields": {
        "action_flag": 1,
        "action_time": "2016-01-20T09:35:21.777Z",
        "object_repr": "Bright Eyes Bright Future",
        "object_id": "1",
        "change_message": "",
        "user": [
            "admin"
        ],
        "content_type": [
            "program",
            "programcategory"
        ]
    },
    "model": "admin.logentry",
    "pk": 56
},
{
    "fields": {
        "action_flag": 1,
        "action_time": "2016-01-20T09:35:49.668Z",
        "object_repr": "Berbagi Bersama Masyarakat",
        "object_id": "2",
        "change_message": "",
        "user": [
            "admin"
        ],
        "content_type": [
            "program",
            "programcategory"
        ]
    },
    "model": "admin.logentry",
    "pk": 57
},
{
    "fields": {
        "action_flag": 1,
        "action_time": "2016-01-20T09:36:20.849Z",
        "object_repr": "Global Road Safety Week",
        "object_id": "3",
        "change_message": "",
        "user": [
            "admin"
        ],
        "content_type": [
            "program",
            "programcategory"
        ]
    },
    "model": "admin.logentry",
    "pk": 58
},
{
    "fields": {
        "action_flag": 1,
        "action_time": "2016-01-20T09:39:30.078Z",
        "object_repr": "Bright Eyes Bright Future",
        "object_id": "1",
        "change_message": "",
        "user": [
            "admin"
        ],
        "content_type": [
            "program",
            "program"
        ]
    },
    "model": "admin.logentry",
    "pk": 59
},
{
    "fields": {
        "action_flag": 1,
        "action_time": "2016-01-20T09:40:26.748Z",
        "object_repr": "Berbagi Bersama Masyarakat",
        "object_id": "2",
        "change_message": "",
        "user": [
            "admin"
        ],
        "content_type": [
            "program",
            "program"
        ]
    },
    "model": "admin.logentry",
    "pk": 60
},
{
    "fields": {
        "action_flag": 1,
        "action_time": "2016-01-20T09:43:23.040Z",
        "object_repr": "Global Safety Road Week",
        "object_id": "3",
        "change_message": "",
        "user": [
            "admin"
        ],
        "content_type": [
            "program",
            "program"
        ]
    },
    "model": "admin.logentry",
    "pk": 61
},
{
    "fields": {
        "action_flag": 1,
        "action_time": "2016-01-20T09:46:01.028Z",
        "object_repr": "Wawancara Bpk. Solihin - Direktur Alfamart & Bpk. Tri Kurniadi - Wakil Walikota Jakarta Utara",
        "object_id": "1",
        "change_message": "",
        "user": [
            "admin"
        ],
        "content_type": [
            "gallery",
            "video"
        ]
    },
    "model": "admin.logentry",
    "pk": 62
},
{
    "fields": {
        "action_flag": 1,
        "action_time": "2016-01-20T09:46:01.029Z",
        "object_repr": "Wawancara Bpk. Solihin - Direktur Alfamart & Bpk. Tri Kurniadi - Wakil Walikota Jakarta Utara",
        "object_id": "2",
        "change_message": "",
        "user": [
            "admin"
        ],
        "content_type": [
            "gallery",
            "video"
        ]
    },
    "model": "admin.logentry",
    "pk": 63
},
{
    "fields": {
        "action_flag": 2,
        "action_time": "2016-01-20T09:47:12.071Z",
        "object_repr": "Wawancara Walikota Malang - Bapak H. Mochamad Anton",
        "object_id": "2",
        "change_message": "Changed title, location, slug and additional_info.",
        "user": [
            "admin"
        ],
        "content_type": [
            "gallery",
            "video"
        ]
    },
    "model": "admin.logentry",
    "pk": 64
},
{
    "fields": {
        "action_flag": 1,
        "action_time": "2016-01-20T09:56:38.829Z",
        "object_repr": "Career object",
        "object_id": "1",
        "change_message": "",
        "user": [
            "admin"
        ],
        "content_type": [
            "career",
            "career"
        ]
    },
    "model": "admin.logentry",
    "pk": 65
},
{
    "fields": {
        "action_flag": 1,
        "action_time": "2016-01-20T10:06:06.575Z",
        "object_repr": "Main Image I",
        "object_id": "7",
        "change_message": "",
        "user": [
            "admin"
        ],
        "content_type": [
            "gallery",
            "gallery"
        ]
    },
    "model": "admin.logentry",
    "pk": 66
},
{
    "fields": {
        "action_flag": 1,
        "action_time": "2016-01-20T10:06:33.999Z",
        "object_repr": "Main Image II",
        "object_id": "8",
        "change_message": "",
        "user": [
            "admin"
        ],
        "content_type": [
            "gallery",
            "gallery"
        ]
    },
    "model": "admin.logentry",
    "pk": 67
},
{
    "fields": {
        "action_flag": 1,
        "action_time": "2016-01-20T10:07:05.782Z",
        "object_repr": "Main Image III",
        "object_id": "9",
        "change_message": "",
        "user": [
            "admin"
        ],
        "content_type": [
            "gallery",
            "gallery"
        ]
    },
    "model": "admin.logentry",
    "pk": 68
},
{
    "fields": {
        "action_flag": 1,
        "action_time": "2016-01-20T10:15:53.459Z",
        "object_repr": "1: Donasi Alfamart Disalurkan untuk Kemanusiaan",
        "object_id": "1",
        "change_message": "",
        "user": [
            "admin"
        ],
        "content_type": [
            "news",
            "blog"
        ]
    },
    "model": "admin.logentry",
    "pk": 69
},
{
    "fields": {
        "action_flag": 2,
        "action_time": "2016-01-22T09:16:03.303Z",
        "object_repr": "Career object",
        "object_id": "1",
        "change_message": "Changed title, function and requirement.",
        "user": [
            "admin"
        ],
        "content_type": [
            "career",
            "career"
        ]
    },
    "model": "admin.logentry",
    "pk": 70
},
{
    "fields": {
        "action_flag": 1,
        "action_time": "2016-01-22T09:17:17.281Z",
        "object_repr": "1: Lorem ipsum",
        "object_id": "1",
        "change_message": "",
        "user": [
            "admin"
        ],
        "content_type": [
            "news",
            "news"
        ]
    },
    "model": "admin.logentry",
    "pk": 71
},
{
    "fields": {
        "function": "Lorem Ipsum",
        "term": "Full Time",
        "modified_by": [
            "admin"
        ],
        "show": true,
        "created": "2016-01-20T09:56:38.657Z",
        "requirement": "Lorem Ipsum ....\r\n...\r\n.....\r\n....",
        "created_by": [
            "admin"
        ],
        "modified": "2016-01-22T09:16:03.301Z",
        "title": "Lorem ipsum"
    },
    "model": "career.career",
    "pk": 1
},
{
    "fields": {
        "modified_by": [
            "admin"
        ],
        "name": "Banda Aceh",
        "created": "2016-01-20T07:47:25.902Z",
        "modified": "2016-01-20T07:47:25.902Z",
        "created_by": [
            "admin"
        ],
        "state": 1,
        "additional_info": ""
    },
    "model": "maps.city",
    "pk": 1
},
{
    "fields": {
        "modified_by": [
            "admin"
        ],
        "name": "Langsa",
        "created": "2016-01-20T07:48:58.581Z",
        "modified": "2016-01-20T07:48:58.581Z",
        "created_by": [
            "admin"
        ],
        "state": 1,
        "additional_info": ""
    },
    "model": "maps.city",
    "pk": 2
},
{
    "fields": {
        "modified_by": [
            "admin"
        ],
        "name": "Lhokseumawe",
        "created": "2016-01-20T07:49:19.750Z",
        "modified": "2016-01-20T07:49:19.750Z",
        "created_by": [
            "admin"
        ],
        "state": 1,
        "additional_info": ""
    },
    "model": "maps.city",
    "pk": 3
},
{
    "fields": {
        "modified_by": [
            "admin"
        ],
        "name": "Meulaboh",
        "created": "2016-01-20T07:49:34.130Z",
        "modified": "2016-01-20T07:49:34.130Z",
        "created_by": [
            "admin"
        ],
        "state": 1,
        "additional_info": ""
    },
    "model": "maps.city",
    "pk": 4
},
{
    "fields": {
        "modified_by": [
            "admin"
        ],
        "name": "Sabang",
        "created": "2016-01-20T07:49:46.278Z",
        "modified": "2016-01-20T07:49:46.278Z",
        "created_by": [
            "admin"
        ],
        "state": 1,
        "additional_info": ""
    },
    "model": "maps.city",
    "pk": 5
},
{
    "fields": {
        "modified_by": [
            "admin"
        ],
        "name": "Subulussalam",
        "created": "2016-01-20T07:49:59.073Z",
        "modified": "2016-01-20T07:49:59.073Z",
        "created_by": [
            "admin"
        ],
        "state": 1,
        "additional_info": ""
    },
    "model": "maps.city",
    "pk": 6
},
{
    "fields": {
        "modified_by": [
            "admin"
        ],
        "name": "Denpasar",
        "created": "2016-01-20T07:50:32.303Z",
        "modified": "2016-01-20T07:50:32.303Z",
        "created_by": [
            "admin"
        ],
        "state": 2,
        "additional_info": ""
    },
    "model": "maps.city",
    "pk": 7
},
{
    "fields": {
        "modified_by": [
            "admin"
        ],
        "name": "Pangkalpinang",
        "created": "2016-01-20T07:51:04.798Z",
        "modified": "2016-01-20T07:51:04.798Z",
        "created_by": [
            "admin"
        ],
        "state": 3,
        "additional_info": ""
    },
    "model": "maps.city",
    "pk": 8
},
{
    "fields": {
        "modified_by": [
            "admin"
        ],
        "name": "Cilegon",
        "created": "2016-01-20T07:51:28.067Z",
        "modified": "2016-01-20T07:51:28.067Z",
        "created_by": [
            "admin"
        ],
        "state": 4,
        "additional_info": ""
    },
    "model": "maps.city",
    "pk": 9
},
{
    "fields": {
        "modified_by": [
            "admin"
        ],
        "name": "Serang",
        "created": "2016-01-20T07:52:15.786Z",
        "modified": "2016-01-20T07:52:15.786Z",
        "created_by": [
            "admin"
        ],
        "state": 4,
        "additional_info": ""
    },
    "model": "maps.city",
    "pk": 10
},
{
    "fields": {
        "modified_by": [
            "admin"
        ],
        "name": "Tanggerang Selatan",
        "created": "2016-01-20T07:52:40.759Z",
        "modified": "2016-01-20T07:52:40.759Z",
        "created_by": [
            "admin"
        ],
        "state": 4,
        "additional_info": ""
    },
    "model": "maps.city",
    "pk": 11
},
{
    "fields": {
        "modified_by": [
            "admin"
        ],
        "name": "Tanggerang",
        "created": "2016-01-20T07:53:08.746Z",
        "modified": "2016-01-20T07:53:08.746Z",
        "created_by": [
            "admin"
        ],
        "state": 4,
        "additional_info": ""
    },
    "model": "maps.city",
    "pk": 12
},
{
    "fields": {
        "modified_by": [
            "admin"
        ],
        "name": "bengkulu",
        "created": "2016-01-20T07:53:28.964Z",
        "modified": "2016-01-20T07:53:28.964Z",
        "created_by": [
            "admin"
        ],
        "state": 5,
        "additional_info": ""
    },
    "model": "maps.city",
    "pk": 13
},
{
    "fields": {
        "modified_by": [
            "admin"
        ],
        "name": "Gorontalo",
        "created": "2016-01-20T07:53:50.326Z",
        "modified": "2016-01-20T07:53:50.326Z",
        "created_by": [
            "admin"
        ],
        "state": 6,
        "additional_info": ""
    },
    "model": "maps.city",
    "pk": 14
},
{
    "fields": {
        "modified_by": [
            "admin"
        ],
        "name": "Jakarta Barat",
        "created": "2016-01-20T07:54:21.290Z",
        "modified": "2016-01-20T07:54:21.290Z",
        "created_by": [
            "admin"
        ],
        "state": 7,
        "additional_info": ""
    },
    "model": "maps.city",
    "pk": 15
},
{
    "fields": {
        "modified_by": [
            "admin"
        ],
        "name": "Jakarta Pusat",
        "created": "2016-01-20T07:54:39.045Z",
        "modified": "2016-01-20T07:54:39.045Z",
        "created_by": [
            "admin"
        ],
        "state": 7,
        "additional_info": ""
    },
    "model": "maps.city",
    "pk": 16
},
{
    "fields": {
        "modified_by": [
            "admin"
        ],
        "name": "Jakarta Selatan",
        "created": "2016-01-20T07:54:48.350Z",
        "modified": "2016-01-20T07:54:48.350Z",
        "created_by": [
            "admin"
        ],
        "state": 7,
        "additional_info": ""
    },
    "model": "maps.city",
    "pk": 17
},
{
    "fields": {
        "modified_by": [
            "admin"
        ],
        "name": "Jakarta Timur",
        "created": "2016-01-20T07:54:59.572Z",
        "modified": "2016-01-20T07:54:59.572Z",
        "created_by": [
            "admin"
        ],
        "state": 7,
        "additional_info": ""
    },
    "model": "maps.city",
    "pk": 18
},
{
    "fields": {
        "modified_by": [
            "admin"
        ],
        "name": "Jakarta Utara",
        "created": "2016-01-20T07:55:13.691Z",
        "modified": "2016-01-20T07:55:13.691Z",
        "created_by": [
            "admin"
        ],
        "state": 7,
        "additional_info": ""
    },
    "model": "maps.city",
    "pk": 19
},
{
    "fields": {
        "modified_by": [
            "admin"
        ],
        "name": "Sungai Penuh",
        "created": "2016-01-20T07:55:45.251Z",
        "modified": "2016-01-20T07:55:45.251Z",
        "created_by": [
            "admin"
        ],
        "state": 8,
        "additional_info": ""
    },
    "model": "maps.city",
    "pk": 20
},
{
    "fields": {
        "modified_by": [
            "admin"
        ],
        "name": "Jambi",
        "created": "2016-01-20T07:55:56.123Z",
        "modified": "2016-01-20T07:55:56.123Z",
        "created_by": [
            "admin"
        ],
        "state": 8,
        "additional_info": ""
    },
    "model": "maps.city",
    "pk": 21
},
{
    "fields": {
        "modified_by": [
            "admin"
        ],
        "name": "Bandung",
        "created": "2016-01-20T07:56:16.796Z",
        "modified": "2016-01-20T07:56:16.796Z",
        "created_by": [
            "admin"
        ],
        "state": 9,
        "additional_info": ""
    },
    "model": "maps.city",
    "pk": 22
},
{
    "fields": {
        "modified_by": [
            "admin"
        ],
        "name": "Bekasi",
        "created": "2016-01-20T07:56:37.882Z",
        "modified": "2016-01-20T07:56:37.882Z",
        "created_by": [
            "admin"
        ],
        "state": 9,
        "additional_info": ""
    },
    "model": "maps.city",
    "pk": 23
},
{
    "fields": {
        "modified_by": [
            "admin"
        ],
        "name": "Bogor",
        "created": "2016-01-20T07:57:00.629Z",
        "modified": "2016-01-20T07:57:00.629Z",
        "created_by": [
            "admin"
        ],
        "state": 9,
        "additional_info": ""
    },
    "model": "maps.city",
    "pk": 24
},
{
    "fields": {
        "modified_by": [
            "admin"
        ],
        "name": "Cimahi",
        "created": "2016-01-20T07:57:17.693Z",
        "modified": "2016-01-20T07:57:17.693Z",
        "created_by": [
            "admin"
        ],
        "state": 9,
        "additional_info": ""
    },
    "model": "maps.city",
    "pk": 25
},
{
    "fields": {
        "modified_by": [
            "admin"
        ],
        "name": "Cirebon",
        "created": "2016-01-20T07:57:32.163Z",
        "modified": "2016-01-20T07:57:32.163Z",
        "created_by": [
            "admin"
        ],
        "state": 9,
        "additional_info": ""
    },
    "model": "maps.city",
    "pk": 26
},
{
    "fields": {
        "modified_by": [
            "admin"
        ],
        "name": "Depok",
        "created": "2016-01-20T07:57:41.127Z",
        "modified": "2016-01-20T07:57:41.127Z",
        "created_by": [
            "admin"
        ],
        "state": 9,
        "additional_info": ""
    },
    "model": "maps.city",
    "pk": 27
},
{
    "fields": {
        "modified_by": [
            "admin"
        ],
        "name": "Sukabumi",
        "created": "2016-01-20T07:57:55.255Z",
        "modified": "2016-01-20T07:57:55.255Z",
        "created_by": [
            "admin"
        ],
        "state": 9,
        "additional_info": ""
    },
    "model": "maps.city",
    "pk": 28
},
{
    "fields": {
        "modified_by": [
            "admin"
        ],
        "name": "Tasikmalaya",
        "created": "2016-01-20T07:58:06.385Z",
        "modified": "2016-01-20T07:58:06.385Z",
        "created_by": [
            "admin"
        ],
        "state": 9,
        "additional_info": ""
    },
    "model": "maps.city",
    "pk": 29
},
{
    "fields": {
        "modified_by": [
            "admin"
        ],
        "name": "Banjar",
        "created": "2016-01-20T07:58:16.740Z",
        "modified": "2016-01-20T07:58:16.740Z",
        "created_by": [
            "admin"
        ],
        "state": 9,
        "additional_info": ""
    },
    "model": "maps.city",
    "pk": 30
},
{
    "fields": {
        "modified_by": [
            "admin"
        ],
        "name": "Magelang",
        "created": "2016-01-20T07:58:25.875Z",
        "modified": "2016-01-20T07:59:37.356Z",
        "created_by": [
            "admin"
        ],
        "state": 10,
        "additional_info": ""
    },
    "model": "maps.city",
    "pk": 31
},
{
    "fields": {
        "modified_by": [
            "admin"
        ],
        "name": "Pekalongan",
        "created": "2016-01-20T07:58:50.805Z",
        "modified": "2016-01-20T07:59:53.333Z",
        "created_by": [
            "admin"
        ],
        "state": 10,
        "additional_info": ""
    },
    "model": "maps.city",
    "pk": 32
},
{
    "fields": {
        "modified_by": [
            "admin"
        ],
        "name": "yogyakarta",
        "created": "2016-01-20T08:23:38.416Z",
        "modified": "2016-01-20T08:23:38.416Z",
        "created_by": [
            "admin"
        ],
        "state": 10,
        "additional_info": "\t "
    },
    "model": "maps.city",
    "pk": 33
},
{
    "fields": {
        "modified_by": [
            "admin"
        ],
        "name": "Aceh",
        "created": "2016-01-20T07:47:22.234Z",
        "country": 1,
        "modified": "2016-01-20T07:47:22.234Z",
        "created_by": [
            "admin"
        ],
        "additional_info": ""
    },
    "model": "maps.state",
    "pk": 1
},
{
    "fields": {
        "modified_by": [
            "admin"
        ],
        "name": "Bali",
        "created": "2016-01-20T07:50:28.764Z",
        "country": 1,
        "modified": "2016-01-20T07:50:28.764Z",
        "created_by": [
            "admin"
        ],
        "additional_info": ""
    },
    "model": "maps.state",
    "pk": 2
},
{
    "fields": {
        "modified_by": [
            "admin"
        ],
        "name": "Bangka Belitung",
        "created": "2016-01-20T07:51:02.456Z",
        "country": 1,
        "modified": "2016-01-20T07:51:02.456Z",
        "created_by": [
            "admin"
        ],
        "additional_info": ""
    },
    "model": "maps.state",
    "pk": 3
},
{
    "fields": {
        "modified_by": [
            "admin"
        ],
        "name": "Banten",
        "created": "2016-01-20T07:51:25.026Z",
        "country": 1,
        "modified": "2016-01-20T07:51:25.026Z",
        "created_by": [
            "admin"
        ],
        "additional_info": ""
    },
    "model": "maps.state",
    "pk": 4
},
{
    "fields": {
        "modified_by": [
            "admin"
        ],
        "name": "bengkulu",
        "created": "2016-01-20T07:53:24.506Z",
        "country": 1,
        "modified": "2016-01-20T07:53:24.506Z",
        "created_by": [
            "admin"
        ],
        "additional_info": ""
    },
    "model": "maps.state",
    "pk": 5
},
{
    "fields": {
        "modified_by": [
            "admin"
        ],
        "name": "Gorontalo",
        "created": "2016-01-20T07:53:47.305Z",
        "country": 1,
        "modified": "2016-01-20T07:53:47.305Z",
        "created_by": [
            "admin"
        ],
        "additional_info": ""
    },
    "model": "maps.state",
    "pk": 6
},
{
    "fields": {
        "modified_by": [
            "admin"
        ],
        "name": "DKI Jakarta",
        "created": "2016-01-20T07:54:17.090Z",
        "country": 1,
        "modified": "2016-01-20T07:54:17.090Z",
        "created_by": [
            "admin"
        ],
        "additional_info": ""
    },
    "model": "maps.state",
    "pk": 7
},
{
    "fields": {
        "modified_by": [
            "admin"
        ],
        "name": "Jambi",
        "created": "2016-01-20T07:55:42.569Z",
        "country": 1,
        "modified": "2016-01-20T07:55:42.569Z",
        "created_by": [
            "admin"
        ],
        "additional_info": ""
    },
    "model": "maps.state",
    "pk": 8
},
{
    "fields": {
        "modified_by": [
            "admin"
        ],
        "name": "Jawa Barat",
        "created": "2016-01-20T07:56:14.293Z",
        "country": 1,
        "modified": "2016-01-20T07:56:14.293Z",
        "created_by": [
            "admin"
        ],
        "additional_info": "\t "
    },
    "model": "maps.state",
    "pk": 9
},
{
    "fields": {
        "modified_by": [
            "admin"
        ],
        "name": "Jawa Tengah",
        "created": "2016-01-20T07:59:34.506Z",
        "country": 1,
        "modified": "2016-01-20T07:59:34.506Z",
        "created_by": [
            "admin"
        ],
        "additional_info": ""
    },
    "model": "maps.state",
    "pk": 10
},
{
    "fields": {
        "modified_by": [
            "admin"
        ],
        "name": "Indonesia",
        "created": "2016-01-20T07:46:28.449Z",
        "modified": "2016-01-20T07:46:28.450Z",
        "created_by": [
            "admin"
        ],
        "additional_info": ""
    },
    "model": "maps.country",
    "pk": 1
},
{
    "fields": {
        "modified_by": [
            "admin"
        ],
        "created": "2016-01-20T09:46:00.823Z",
        "show": true,
        "modified": "2016-01-20T09:46:00.823Z",
        "created_by": [
            "admin"
        ],
        "additional_info": "Liputan Acara Bright Eyes Bright Future, yaitu pemeriksaan mata dan pembagian kacamata gratis bagi siswa/i. Acara ini terselenggara atas kerjasama Alfamart dan Yayasan Berani Bhakti Bangsa, berlangsung disalah satu SDN di Jakarta Utara. \r\nAcara ini dihadiri oleh Direktur Alfamart Bapak Solihin, Wakil Walikota Jakarta Utara - Bapak Tri Kurniadi dan Yayasan Berani Bhakti Bangsa selaku penyelenggara acara tsb.",
        "location": "https://www.youtube.com/watch?v=2SvUadz_gc4",
        "title": "Wawancara Bpk. Solihin - Direktur Alfamart & Bpk. Tri Kurniadi - Wakil Walikota Jakarta Utara",
        "slug": "wawancara, alfamart"
    },
    "model": "gallery.video",
    "pk": 1
},
{
    "fields": {
        "modified_by": [
            "admin"
        ],
        "created": "2016-01-20T09:46:01.027Z",
        "show": true,
        "modified": "2016-01-20T09:47:12.069Z",
        "created_by": [
            "admin"
        ],
        "additional_info": "Wawancara dengan Walikota Malang di acara Bright Eyes Bright Future, yaitu pemeriksaan dan pembagian kacamata gratis hasil kerjasama Alfamart, Alfamidi dengan Yayasan Berani Bhakti Bangsa. turut pula dihadiri Menteri Pemberdayaan Perempuan dan Perlindungan Anak Republik Indonesia Ibu Linda Amalia Sari S.IP",
        "location": "https://www.youtube.com/watch?v=JUyfz9o9AEI",
        "title": "Wawancara Walikota Malang - Bapak H. Mochamad Anton",
        "slug": "wawancara, walikota"
    },
    "model": "gallery.video",
    "pk": 2
},
{
    "fields": {
        "modified_by": [
            "admin"
        ],
        "show": true,
        "image": "file/test.jpg",
        "title": "Alfamart Ajak Masyarakat Ikut Aksi Sosial",
        "modified": "2016-01-20T08:26:40.067Z",
        "created_by": [
            "admin"
        ],
        "created": "2016-01-20T08:20:39.437Z",
        "show_to_index": false,
        "image_info": null,
        "slug": ""
    },
    "model": "gallery.gallery",
    "pk": 1
},
{
    "fields": {
        "modified_by": [
            "admin"
        ],
        "show": true,
        "image": "file/test_QiJQY1k.jpg",
        "title": "Minimarket Ini Mengajak Berbagi Bersama Masyarakat",
        "modified": "2016-01-20T08:22:38.971Z",
        "created_by": [
            "admin"
        ],
        "created": "2016-01-20T08:20:39.455Z",
        "show_to_index": false,
        "image_info": null,
        "slug": ""
    },
    "model": "gallery.gallery",
    "pk": 2
},
{
    "fields": {
        "modified_by": [
            "admin"
        ],
        "show": true,
        "image": "file/komik_donasi_alfamart.jpg",
        "title": "Alfamart Ajak Konsumen Berbagi untuk Penyandang Disabilitas",
        "modified": "2016-01-20T08:31:48.661Z",
        "created_by": [
            "admin"
        ],
        "created": "2016-01-20T08:31:48.661Z",
        "show_to_index": false,
        "image_info": null,
        "slug": ""
    },
    "model": "gallery.gallery",
    "pk": 3
},
{
    "fields": {
        "modified_by": [
            "admin"
        ],
        "show": true,
        "image": "file/BEBF_wCt7xxJ.jpg",
        "title": "Bright Eyes Bright Future",
        "modified": "2016-01-20T09:39:29.842Z",
        "created_by": [
            "admin"
        ],
        "created": "2016-01-20T09:39:29.841Z",
        "show_to_index": false,
        "image_info": null,
        "slug": ""
    },
    "model": "gallery.gallery",
    "pk": 4
},
{
    "fields": {
        "modified_by": [
            "admin"
        ],
        "show": true,
        "image": "file/BBM_ndnHiwi.jpg",
        "title": "Berbagi Bersama Masyarakat",
        "modified": "2016-01-20T09:40:26.746Z",
        "created_by": [
            "admin"
        ],
        "created": "2016-01-20T09:40:26.745Z",
        "show_to_index": false,
        "image_info": null,
        "slug": ""
    },
    "model": "gallery.gallery",
    "pk": 5
},
{
    "fields": {
        "modified_by": [
            "admin"
        ],
        "show": true,
        "image": "file/global_safety.jpg",
        "title": "Global Safety Road Week",
        "modified": "2016-01-20T09:43:23.038Z",
        "created_by": [
            "admin"
        ],
        "created": "2016-01-20T09:43:23.037Z",
        "show_to_index": false,
        "image_info": null,
        "slug": ""
    },
    "model": "gallery.gallery",
    "pk": 6
},
{
    "fields": {
        "modified_by": [
            "admin"
        ],
        "show": true,
        "image": "file/school_sport_ajegvJC.jpg",
        "title": "Main Image I",
        "modified": "2016-01-20T10:06:06.573Z",
        "created_by": [
            "admin"
        ],
        "created": "2016-01-20T10:06:06.571Z",
        "show_to_index": true,
        "image_info": "",
        "slug": "main_image"
    },
    "model": "gallery.gallery",
    "pk": 7
},
{
    "fields": {
        "modified_by": [
            "admin"
        ],
        "show": true,
        "image": "file/Alfa-Yayasan-Berani-bandung-ekspres-660x330_B6dBPJ4.jpg",
        "title": "Main Image II",
        "modified": "2016-01-20T10:06:33.998Z",
        "created_by": [
            "admin"
        ],
        "created": "2016-01-20T10:06:33.997Z",
        "show_to_index": true,
        "image_info": "",
        "slug": "main_image"
    },
    "model": "gallery.gallery",
    "pk": 8
},
{
    "fields": {
        "modified_by": [
            "admin"
        ],
        "show": true,
        "image": "file/alfamart_269udXA.jpg",
        "title": "Main Image III",
        "modified": "2016-01-20T10:07:05.781Z",
        "created_by": [
            "admin"
        ],
        "created": "2016-01-20T10:07:05.780Z",
        "show_to_index": true,
        "image_info": "",
        "slug": "main_image"
    },
    "model": "gallery.gallery",
    "pk": 9
},
{
    "fields": {
        "modified_by": [
            "admin"
        ],
        "show": true,
        "image": "file/donasi_alfamart.jpg",
        "title": "Donasi Alfamart Disalurkan untuk Kemanusiaan",
        "modified": "2016-01-20T10:15:53.314Z",
        "created_by": [
            "admin"
        ],
        "created": "2016-01-20T10:15:53.313Z",
        "show_to_index": false,
        "image_info": null,
        "slug": ""
    },
    "model": "gallery.gallery",
    "pk": 10
},
{
    "fields": {
        "hide": false,
        "program_category": 1,
        "title": "Bright Eyes Bright Future",
        "modified": "2016-01-20T09:39:29.843Z",
        "created_by": [
            "admin"
        ],
        "gallery": 4,
        "content": "Approximately 7.5 % children in Indonesia are in need of eyeglasses. Many of them are underprivileged and eyeglasses are not a priority. However, we all know that an imperfect vision comes in the way of learning, playing and developing, especially for children with long futures ahead.  <br/> <br/>\r\nA t\u00adotal of 6 million children need prescribed eyeglasses. So far, Berani Foundation had donated 10,000 eyeglasses in 2014, followed by 30,000 more in the following year of 2015 under the program Bright Eyes Bright Future. Nearly 100,000 students undergo vision checks and we had discovered that the eyeglasses increased not only the quality of their learning but also their confidence level. ",
        "created": "2016-01-20T09:39:29.843Z",
        "modified_by": [
            "admin"
        ],
        "slug": "bebf"
    },
    "model": "program.program",
    "pk": 1
},
{
    "fields": {
        "hide": false,
        "program_category": 2,
        "title": "Berbagi Bersama Masyarakat",
        "modified": "2016-01-20T09:40:26.747Z",
        "created_by": [
            "admin"
        ],
        "gallery": 5,
        "content": "Berbagi Bersama Masyarakat, literally translated to \u2018sharing with other members of the community\u2019, is a program where Berani Foundation assisted people with disabilities. We distribute aids, such as white canes, hearing aids, wheelchairs and crutches. <br/><br/>\r\nFrom December 2015 through February 2016, almost 500 individuals all across the nations benefit from Berbagi Bersama Masyarakat. With the physical tools, they are able to mobilize themselves and perform daily functions more comfortably. ",
        "created": "2016-01-20T09:40:26.747Z",
        "modified_by": [
            "admin"
        ],
        "slug": "bbm"
    },
    "model": "program.program",
    "pk": 2
},
{
    "fields": {
        "hide": false,
        "program_category": 3,
        "title": "Global Safety Road Week",
        "modified": "2016-01-20T09:43:23.039Z",
        "created_by": [
            "admin"
        ],
        "gallery": 6,
        "content": "Indonesia is among the countries in which road accidents happen frequently. Global Road Safety Week, is a partnership between Berani Foundation, National Police Force, and the United Nations, to raise awareness in safe use of road through series of events. <br/><br/>\r\nThere were competitions, such as drawing, coloring and singing so children felt more comfortable with police officers and road regulations. There was also a carnival, where we took over the main road in Jakarta and parade children\u2019s voice to not drive and text, or to obey traffic rules, for instance. As many as 2,000 children, took part. They became a voice of change, not just in public but also at home. ",
        "created": "2016-01-20T09:43:23.039Z",
        "modified_by": [
            "admin"
        ],
        "slug": "global, safety, road"
    },
    "model": "program.program",
    "pk": 3
},
{
    "fields": {
        "modified_by": [
            "admin"
        ],
        "name": "Bright Eyes Bright Future",
        "created": "2016-01-20T09:35:21.621Z",
        "modified": "2016-01-20T09:35:21.622Z",
        "created_by": [
            "admin"
        ],
        "additional_info": ""
    },
    "model": "program.programcategory",
    "pk": 1
},
{
    "fields": {
        "modified_by": [
            "admin"
        ],
        "name": "Berbagi Bersama Masyarakat",
        "created": "2016-01-20T09:35:49.667Z",
        "modified": "2016-01-20T09:35:49.667Z",
        "created_by": [
            "admin"
        ],
        "additional_info": ""
    },
    "model": "program.programcategory",
    "pk": 2
},
{
    "fields": {
        "modified_by": [
            "admin"
        ],
        "name": "Global Road Safety Week",
        "created": "2016-01-20T09:36:20.848Z",
        "modified": "2016-01-20T09:36:20.848Z",
        "created_by": [
            "admin"
        ],
        "additional_info": ""
    },
    "model": "program.programcategory",
    "pk": 3
},
{
    "fields": {
        "category": 1,
        "hide": false,
        "title": "Minimarket Ini Mengajak Berbagi Bersama Masyarakat",
        "created": "2016-01-20T08:20:39.529Z",
        "modified": "2016-01-20T08:22:38.973Z",
        "created_by": [
            "admin"
        ],
        "slug": "bbm, alfamart, alfamidi",
        "content": "Masih banyaknya penyandang disabilitas di Indonesia yang membutuhkan bantuan,\u00a0menjadikan perusahaan ritel nasional Alfamart Alfamidi mengajak masyarakat luas untuk ikut berperan, melalui aksi sosial\u00a0<strong>Berbagi Bersama Masyarakat</strong>. <br/>\r\nKonsumen dapat berdonasi melalui jaringan tokonya, serta berperan aktif dalam penyaluran alat bantu bagi penyandang disabilitas di tanah air. Tak hanya itu, donasi juga diperuntukkan guna membangun fasilitas umum bagi masyarakat prasejahtera. Penggalangan donasi konsumen dimulai 1 November hingga 31 Desember 2015 di seluruh jaringan toko Alfamart Alfamidi. <br/>\r\n\u201cSeringkali kita melihat ada yang membutuhkan bantuan di sekitar. Namun, kita sendiri belum mampu untuk berbuat banyak. Jika aksi kemanusiaan ini dijalankan bersama, tentunya akan terasa semakin ringan dan semakin banyak juga yang bisa terbantu,\u201d ujar Nur Rachman, Corporate Communication GM PT Sumber Alfaria Trijaya Tbk.\r\nDia menjelaskan, program sosial kali ini konsepnya sedikit berbeda dari program donasi yang telah berjalan sebelumnya. \u201cKali ini perusahaan ingin melibatkan lebih banyak partisipasi masyarakat. Mulai dari berdonasi, merekomendasi, hingga turut langsung membagikan bantuan tersebut,\u201d imbuhnya.<br/>\r\nDalam aksi ini, masyarakat dapat ikut merekomendasikan kerabat dan warga di sekitarnya yang membutuhkan alat bantu bagi penyandang disabilitas, seperti tongkat jalan, kursi roda, alat bantu dengar, serta alat bantu lainnya. Permohonan bantuan dari masyarakat untuk alat bantu disabilitas tahap I dibuka mulai 1 \u2013 30 November 2015.<br/>\r\n\u201cPendaftarannya bisa melalui akun twitter @yayasanberani dengan hastag #AlfamartBBM, juga bisa menghubungi kami di call center (021) 5331628 \u00a0atau SMS ke 081394222515,\u201d jelas H. Witdarmono, Ketua Yayasan Berani Bhakti Bangsa.<br/>\r\nYayasan akan melakukan verifikasi terlebih dahulu terhadap profil para calon penerima bantuan yang direkomendasikan oleh masyarakat. \u201cKami berupaya agar bantuan benar-benar sampai ke tangan yang membutuhkan,\u201d terangnya.<br/>\r\nH.Witdarmono meyakini, program ini merupakan upaya bersama demi meningkatkan kualitas hidup masyarakat. \u201cSudah saatnya kita lebih peduli terhadap sesama,\u201d tegasnya.\r\n<br/>\r\n<a href=\"http://rubik.okezone.com/read/19733/minimarket-ini-mengajak-berbagi-bersama-masyarakat\">http://rubik.okezone.com/read/19733/minimarket-ini-mengajak-berbagi-bersama-masyarakat</a>",
        "location": 12,
        "modified_by": [
            "admin"
        ],
        "gallery": 2
    },
    "model": "news.press",
    "pk": 1
},
{
    "fields": {
        "category": 1,
        "hide": false,
        "title": "Alfamart Ajak Masyarakat Ikut Aksi Sosial",
        "created": "2016-01-20T08:20:39.530Z",
        "modified": "2016-01-20T08:26:40.068Z",
        "created_by": [
            "admin"
        ],
        "slug": "bbm, alfamart, alfamidi",
        "content": "Perusahaan ritel nasional, Alfamart Alfamidi, mengajak masyarakat ikut berperan melalui aksi sosial Berbagi Bersama Masyarakat.\u00a0\r\n<br/>\r\nHal ini dilakukan mengingat masih banyaknya penyandang disabilitas di Indonesia yang membutuhkan bantuan. Konsumen dapat mendonasikan uangnya melalui jaringan toko Alfamart dan Alfamidi, serta berperan aktif dalam penyaluran alat bantu bagi penyandang disabilitas di Tanah Air. Tak hanya itu, donasi juga untuk membangun fasilitas umum bagi masyarakat prasejahtera. Penggalangan donasi konsumen dimulai 1 November hingga 31 Desember 2015 di seluruh jaringan toko Alfamart Alfamidi.\u00a0\r\n<br/>\r\n\u201cSering kali kita melihat ada yang membutuhkan bantuan di sekitar kita. Namun, kita sendiri belum mampu untuk berbuat banyak. Jika aksi kemanusiaan ini dijalankan bersama, tentunya akan terasa semakin ringan dan semakin banyak juga yang bisa terbantu,\u201d ungkap Corporate Communication GM PT Sumber Alfaria Trijaya Tbk, Nur Rachman, kemarin.\u00a0\r\n<br/>\r\nNur Rachman menjelaskan, program sosial ini konsepnya berbeda dari program donasi yang telah berjalan sebelumnya. \u201cKali ini perusahaan ingin melibatkan lebih banyak masyarakat. Mulai dari berdonasi, merekomendasi, hingga turut langsung membagikan bantuan tersebut,\u201d ucapnya.\u00a0\r\n<br/>\r\nDalam aksi ini, masyarakat dapat ikut merekomendasikan kerabat dan warga di sekitarnya yang membutuhkan alat bantu bagi penyandang disabilitas, seperti tongkat jalan, kursi roda, alat bantudengar, sertaalat bantu lainnya. Permohonan bantuan dari masyarakat untuk alat bantu disabilitas tahap I dibuka mulai 1- 30 November 2015. \u201cPendaftarannya bisa melalui akun Twitter @yayasanberani dengan hastag #AlfamartBBM, juga bisa menghubungi call center (021) 5331628 atau SMS ke 081394222515,\u201d tutur Ketua Yayasan Berani Bhakti Bangsa, H Witdarmono.\u00a0\r\n<br/>\r\nYayasan akan melakukan verifikasi terlebih dahulu terhadap profil para calon penerima bantuan yang direkomendasikan masyarakat. \u201cKami berupaya agar bantuan benar-benar sampai ke tangan yang membutuhkan. Program ini merupakan upaya bersama demi meningkatkan kualitas hidup masyarakat,\u201d tandasnya.\r\n<br/>\r\nwindy anggraina\u00a0\r\n\r\n<a href=\"http://www.koran-sindo.com/news.php?r=5&n=97&date=2015-11-09\">http://www.koran-sindo.com/news.php?r=5&n=97&date=2015-11-09</a>",
        "location": 33,
        "modified_by": [
            "admin"
        ],
        "gallery": 1
    },
    "model": "news.press",
    "pk": 2
},
{
    "fields": {
        "category": 1,
        "hide": false,
        "title": "Alfamart Ajak Konsumen Berbagi untuk Penyandang Disabilitas",
        "created": "2016-01-20T08:30:01.480Z",
        "modified": "2016-01-20T08:31:48.663Z",
        "created_by": [
            "admin"
        ],
        "slug": "alfamart, alfamidi, donasi",
        "content": "Masih banyaknya penyandang disabilitas di Indonesia yang membutuhkan bantuan, menjadikan perusahaan ritel nasional Alfamart Alfamidi mengajak masyarakat luas untuk ikut berperan, melalui aksi sosial \"Berbagi Bersama Masyarakat\".<br/>\r\nKonsumen dapat berdonasi melalui jaringan tokonya, serta berperan aktif dalam penyaluran alat bantu bagi penyandang disabilitas di Tanah Air. Tak hanya itu, donasi juga diperuntukkan guna membangun fasilitas umum bagi masyarakat prasejahtera.\r\nPenggalangan donasi konsumen dimulai 1 November hingga 31 Desember 2015 di seluruh jaringan toko Alfamart Alfamidi.\u00a0\r\n<br/>\r\n\"Seringkali kita melihat ada yang membutuhkan bantuan di sekitar. Namun, kita sendiri belum mampu untuk berbuat banyak. Jika aksi kemanusiaan ini dijalankan bersama, tentunya akan terasa semakin ringan dan semakin banyak juga yang bisa terbantu,\" kata Nur Rachman,\u00a0Corporate Communication\u00a0General Manager\u00a0PT Sumber Alfaria Trijaya Tbk, dalam keterangan tertulis yang diterimaVIVA.co.id,\u00a0Jumat 6 November 2015.\r\n<br/>\r\nDia menjelaskan, program sosial kali ini konsepnya sedikit berbeda dari program donasi yang telah berjalan sebelumnya.\r\n<br/>\r\n\"Kali ini, perusahaan ingin melibatkan lebih banyak partisipasi masyarakat. Mulai dari berdonasi, merekomendasi, hingga turut langsung membagikan bantuan tersebut,\" ujarnya.\r\n<br/>\r\nDalam aksi ini, masyarakat dapat ikut merekomendasikan kerabat dan warga di sekitarnya yang membutuhkan alat bantu bagi penyandang disabilitas, seperti tongkat jalan, kursi roda, alat bantu dengar, serta alat bantu lainnya. Permohonan bantuan dari masyarakat untuk alat bantu disabilitas tahap I dibuka mulai 1-30 November 2015.\r\n<br/>\r\n\u201cPendaftarannya bisa melalui akun Twitter @yayasanberani dengan hastag #AlfamartBBM, juga bisa menghubungi kami di\u00a0call center\u00a0(021) 5331628 atau SMS ke 081394222515,\" kata Witdarmono, ketua Yayasan Berani Bhakti Bangsa.\u00a0\r\n<br/>\r\nYayasan akan melakukan verifikasi terlebih dahulu terhadap profil para calon penerima bantuan yang direkomendasikan oleh masyarakat. \u201cKami berupaya agar bantuan benar-benar sampai ke tangan yang membutuhkan,\u201d ujarnya.\r\n<br/>\r\n<a href=\"http://bisnis.news.viva.co.id/news/read/696269-alfamart-ajak-konsumen-berbagi-untuk-penyandang-disabilitas\">http://bisnis.news.viva.co.id/news/read/696269-alfamart-ajak-konsumen-berbagi-untuk-penyandang-disabilitas</a>",
        "location": null,
        "modified_by": [
            "admin"
        ],
        "gallery": 3
    },
    "model": "news.press",
    "pk": 3
},
{
    "fields": {
        "category": 1,
        "hide": false,
        "title": "Donasi Alfamart Disalurkan untuk Kemanusiaan",
        "created": "2016-01-20T10:15:53.315Z",
        "modified": "2016-01-20T10:15:53.315Z",
        "created_by": [
            "admin"
        ],
        "gallery": 10,
        "content": "<strong>Bandar Lampung</strong> - Perusahaan ritel yang memiliki jaringan luas di Indonesia, Alfamart, menggagas program kemanusiaan bertajuk Berbagi Bersama Masyarakat. Alfamart menghimpun donasi dan menyalurkan bantuan bagi penyandang disabilitas di Indonesia serta membangun fasilitas umum bagi masyarakat prasejahtera.\u00a0\r\n<br/>\r\nDalam program ini, masyarakat dapat merekomendasikan langsung kerabat di sekitarnya. Khususnya yang membutuhkan alat bantu penyandang disabilitas melalui Twitter @yayasanberani atau menghubungi call center 021-5331628 atau 081394222515.\u00a0\r\n<br/>\r\n\"Konsepnya sedikit berbeda dari biasanya, di sini kami lebih banyak melibatkan partisipasi masyarakat. Mulai dari berdonasi, merekomendasi, hingga turut langsung berbagai,\" kata Regional Manager Sumatera I M Faruq Asrori, dalam kunjungannya ke kantor Lampung Post, Selasa (8/12/2015).\u00a0\r\n<br/>\r\nDia mengatakan program donasi konsumen yang dinamakan Donasi-ku ini merupakan program Alfamart di bidang sosial. Perusahaan mengajak masyarakat luas untuk berpartisipasi membantu masyarakat yang lebih membutuhkan melalui kampanye program bantuan kemanusiaan.\u00a0\r\n<br/>\r\nPada periode Juli 2015, lanjut dia, Alfamart bekerja sama dengan Yayasan BM Cinta Indonesia (BMCI) berhasil menghimpun dana tak kurang dari Rp3,77 miliar. Donasi tersebut disalurkan dalam bentuk paket bantuan kebutuhan pokok bagi keluarga prasejahtera di Tanah Air sebanyak 10 ribu paket.\u00a0\r\n<br/>\r\n<br/>\r\n<a href=\"http://lampung.ketemuberita.com/read/2015/12/09/donasi-alfamart-disalurkan-untuk-kemanusiaan\">http://lampung.ketemuberita.com/read/2015/12/09/donasi-alfamart-disalurkan-untuk-kemanusiaan</a>",
        "modified_by": [
            "admin"
        ],
        "slug": "donasi, alfamart"
    },
    "model": "news.blog",
    "pk": 1
},
{
    "fields": {
        "slug": "lorem",
        "hide": false,
        "title": "Lorem ipsum",
        "created": "2016-01-22T09:17:17.118Z",
        "modified": "2016-01-22T09:17:17.118Z",
        "created_by": [
            "admin"
        ],
        "gallery": null,
        "content": "Lorem ipsum dolor sit amet, consectetur adipiscing elit, sed do eiusmod tempor incididunt ut labore et dolore magna aliqua. Ut enim ad minim veniam, quis nostrud exercitation ullamco laboris nisi ut aliquip ex ea commodo consequat.\r\n\r\nDuis aute irure dolor in reprehenderit in voluptate velit esse cillum dolore eu fugiat nulla pariatur. Excepteur sint occaecat cupidatat non proident, sunt in culpa qui officia deserunt mollit anim id est laborum.\r\n\r\nLorem ipsum dolor sit amet, consectetur adipiscing elit, sed do eiusmod tempor incididunt ut labore et dolore magna aliqua. Ut enim ad minim veniam, quis nostrud exercitation ullamco laboris nisi ut aliquip ex ea commodo consequat. Duis aute irure dolor in reprehenderit in voluptate velit esse cillum dolore eu fugiat nulla pariatur. Excepteur sint occaecat cupidatat non proident, sunt in culpa qui officia deserunt mollit anim id est laborum.",
        "location": null,
        "modified_by": [
            "admin"
        ],
        "news_category": null
    },
    "model": "news.news",
    "pk": 1
},
{
    "fields": {
        "modified_by": [
            "admin"
        ],
        "name": "Donasi",
        "created": "2016-01-20T08:19:19.275Z",
        "modified": "2016-01-20T08:19:19.275Z",
        "created_by": [
            "admin"
        ],
        "additional_info": ""
    },
    "model": "news.category",
    "pk": 1
}
]
